duration,packet_count,total_bytes,mean_packet_size,std_packet_size,min_packet_size,max_packet_size,mean_interarrival,std_interarrival,forward_packets,backward_packets,forward_bytes,backward_bytes,packet_rate,byte_rate,label
9.505,163,100444,616.221,259.501,66,1446,0.05473,0.061,63,100,34242,66202,17.149,10567.491,WhatsApp
59.035,2990,556439,186.1,63.479,90,305,0.018752,0.002837,1510,1480,254176,302263,50.648,9425.578,VoIP
85.049,904,711766,787.352,318.752,86,1466,0.101333,0.12376,295,609,275127,436639,10.629,8368.893,Email
135.496,20001,23345776,1167.23,275.851,97,1419,0.007294,0.002198,19307,694,23229047,116729,147.613,172298.636,File Transfer
130.822,2706,1197999,442.72,190.93,62,1052,0.047433,0.022085,1096,1610,544058,653941,20.685,9157.474,WhatsApp
18.624,800,583452,729.315,374.762,97,1287,0.023558,0.029142,231,569,104315,479137,42.955,31327.964,Web
3.746,151,131788,872.768,446.442,96,1344,0.024388,0.02263,55,96,38028,93760,40.31,35180.993,Web
38.834,7744,9107390,1176.058,257.524,109,1495,0.004795,0.001904,6914,830,9061853,45537,199.413,234521.038,File Transfer
80.431,277,172895,624.17,283.574,73,1271,0.302601,0.309475,157,120,97398,75497,3.444,2149.606,Email
29.425,301,212699,706.641,304.976,85,1174,0.105076,0.094682,108,193,66566,146133,10.229,7228.513,Email
48.558,4096,2705825,660.602,365.886,80,1483,0.012458,0.012379,1548,2548,605679,2100146,84.353,55723.568,Web
63.863,2854,1484080,520.0,347.32,99,1365,0.021536,0.019773,939,1915,306125,1177955,44.689,23238.495,Web
7.367,41,6085,148.415,13.628,68,214,0.19736,0.049712,19,22,2545,3540,5.565,825.981,ICMP
12.703,226,103333,457.226,205.939,70,1300,0.056547,0.04161,93,133,45499,57834,17.791,8134.535,WhatsApp
2.154,131,88151,672.908,288.93,60,1125,0.01702,0.010062,56,75,22297,65854,60.817,40924.327,Web
48.397,658,505481,768.208,332.934,101,938,0.075661,0.070624,398,260,350726,154755,13.596,10444.47,Email
19.681,367,192575,524.728,343.312,70,1165,0.052807,0.028348,187,180,101767,90808,18.647,9784.818,WhatsApp
114.071,5354,1476523,275.779,74.354,74,391,0.021847,0.003893,2603,2751,638767,837756,46.936,12943.895,VoIP
18.8,1127,954463,846.906,375.281,107,1207,0.015396,0.015973,436,691,231435,723028,59.947,50769.309,Web
6.405,565,699813,1238.607,211.736,98,1460,0.011899,0.006023,486,79,668544,31269,88.212,109260.422,File Transfer
116.812,1865,1010704,541.932,226.57,81,1159,0.066272,0.046809,912,953,514167,496537,15.966,8652.399,WhatsApp
149.126,19665,23329198,1186.331,258.745,93,1451,0.007711,0.002479,15877,3788,20529694,2799504,131.868,156439.508,File Transfer
71.246,361,260809,722.463,319.491,87,1139,0.200022,0.127954,137,224,114527,146282,5.067,3660.683,Email
36.984,3921,3464182,883.495,250.336,86,1272,0.009365,0.003351,777,3144,487089,2977093,106.019,93667.045,Video
13.212,51,7549,148.02,23.125,45,182,0.273708,0.059275,24,27,3752,3797,3.86,571.375,ICMP
41.62,289,52020,180.0,25.502,45,214,0.15497,0.008227,146,143,23129,28891,6.944,1249.88,ICMP
15.574,102,11807,115.755,29.09,69,230,0.156737,0.042616,53,49,5564,6243,6.549,758.123,ICMP
40.341,465,269150,578.817,280.748,96,1322,0.093033,0.091213,138,327,87985,181165,11.527,6671.872,Email
92.837,506,324896,642.087,278.937,87,1242,0.170947,0.216791,145,361,81224,243672,5.45,3499.639,Email
59.332,2758,605812,219.656,50.784,61,491,0.020161,0.00501,1457,1301,336501,269311,46.484,10210.544,VoIP
95.812,15640,17280454,1104.888,240.472,73,1449,0.005842,0.001428,14210,1430,16720471,559983,163.236,180357.93,File Transfer
3.987,52,29084,559.308,298.423,110,979,0.076752,0.040626,14,38,7271,21813,13.042,7294.708,Email
129.522,10901,10800709,990.8,238.375,89,1454,0.012427,0.007773,1075,9826,675280,10125429,84.163,83388.992,Video
19.936,2494,2949632,1182.691,286.62,61,1471,0.008211,0.002068,2348,146,2934884,14748,125.1,147955.056,File Transfer
80.242,9501,11903313,1252.848,252.515,105,1259,0.008861,0.005245,941,8560,790206,11113107,118.404,148342.676,Video
8.051,265,209404,790.204,377.118,75,1463,0.032206,0.043144,86,179,45191,164213,32.915,26009.688,Web
23.477,1123,724328,644.994,292.232,91,1210,0.020794,0.027172,392,731,195531,528797,47.834,30852.664,Web
20.323,405,236396,583.694,247.757,94,858,0.049859,0.02589,143,262,82796,153600,19.928,11631.944,WhatsApp
5.658,23,1925,83.696,22.006,55,229,0.277663,0.060777,12,11,1124,801,4.065,340.226,ICMP
91.205,446,57266,128.399,16.761,69,129,0.20034,0.034654,232,214,27332,29934,4.89,627.882,ICMP
6.814,342,287531,840.734,478.087,92,1256,0.019538,0.01318,93,249,47379,240152,50.191,42197.094,Web
101.032,1147,537837,468.908,170.149,91,1320,0.083054,0.097544,522,625,210823,327014,11.353,5323.432,WhatsApp
4.692,40,18000,450.0,378.733,96,1052,0.124972,0.083045,15,25,8109,9891,8.525,3836.317,Email
11.626,93,14440,155.269,24.239,67,228,0.126519,0.034962,46,47,7338,7102,7.999,1242.044,ICMP
12.739,808,740398,916.334,323.854,70,1326,0.015085,0.008392,211,597,137035,603363,63.427,58120.575,Web
109.634,10517,10249575,974.572,201.888,102,1378,0.011001,0.002791,1198,9319,653256,9596319,95.928,93489.018,Video
33.099,185,23079,124.751,24.02,81,222,0.181895,0.040709,87,98,9963,13116,5.589,697.272,ICMP
264.23,43419,53635018,1235.289,230.821,68,1427,0.006058,0.001569,38622,4797,52711716,923302,164.323,202986.103,File Transfer
16.568,46,6840,148.696,10.474,45,149,0.34935,0.079386,23,23,3486,3354,2.776,412.844,ICMP
156.888,22412,30901475,1378.791,200.444,75,1444,0.007392,0.0014,18113,4299,28654865,2246610,142.854,196965.192,File Transfer
89.284,9585,11299554,1178.879,318.811,102,1319,0.008825,0.005997,2434,7151,2462920,8836634,107.354,126557.435,Video
25.969,1284,249045,193.96,61.081,67,507,0.019194,0.003378,609,675,129856,119189,49.444,9590.088,VoIP
31.735,1513,338114,223.473,50.911,65,419,0.020076,0.006633,812,701,163058,175056,47.676,10654.293,VoIP
64.782,7044,7296634,1035.865,196.993,67,1364,0.008936,0.005126,1743,5301,1268854,6027780,108.734,112633.664,Video
3.652,24,13991,582.958,309.415,98,966,0.146093,0.077691,9,15,5020,8971,6.572,3831.051,Email
46.477,710,572122,805.806,397.031,106,1148,0.066283,0.06393,311,399,173786,398336,15.276,12309.788,Web
62.438,9118,11403767,1250.687,243.464,64,1405,0.006967,0.002125,7670,1448,10826675,577092,146.033,182641.452,File Transfer
123.422,6927,1233388,178.055,66.983,89,597,0.016856,0.005821,3318,3609,651159,582229,56.125,9993.259,VoIP
8.978,143,72715,508.497,317.521,91,987,0.066844,0.072668,77,66,40487,32228,15.928,8099.243,WhatsApp
21.382,3920,5274551,1345.549,234.29,100,1420,0.005039,0.000933,3772,148,5248178,26373,183.332,246681.835,File Transfer
119.075,14484,18772441,1296.081,257.414,99,1402,0.007574,0.002329,13343,1141,18541817,230624,121.638,157652.244,File Transfer
17.333,243,119177,490.44,223.645,96,903,0.074298,0.073304,120,123,63889,55288,14.02,6875.728,WhatsApp
48.806,1224,458327,374.45,180.098,88,1311,0.036906,0.029256,708,516,261706,196621,25.079,9390.792,WhatsApp
179.544,8426,1876827,222.742,56.021,83,607,0.019991,0.003882,4124,4302,803029,1073798,46.93,10453.298,VoIP
115.738,5671,1265434,223.141,38.807,76,350,0.021134,0.004573,2899,2772,666885,598549,48.999,10933.609,VoIP
7.99,30,4364,145.467,27.372,53,146,0.297009,0.039075,14,16,2035,2329,3.755,546.183,ICMP
53.039,2986,686620,229.946,64.919,76,408,0.016915,0.002506,1376,1610,344649,341971,56.298,12945.568,VoIP
7.546,306,250408,818.327,328.57,83,1114,0.023227,0.024939,110,196,59866,190542,40.551,33184.204,Web
45.76,2155,481533,223.449,46.608,81,344,0.020379,0.005164,1059,1096,261861,219672,47.094,10523.011,VoIP
123.595,1445,910674,630.224,233.719,87,1210,0.083369,0.091261,656,789,460285,450389,11.691,7368.211,WhatsApp
18.827,3056,3682176,1204.901,240.186,109,1437,0.006301,0.002998,2774,282,3663765,18411,162.32,195579.54,File Transfer
75.805,9007,11696602,1298.612,248.253,105,1323,0.009071,0.003692,1788,7219,2014713,9681889,118.818,154298.556,Video
27.581,1533,294727,192.255,37.287,75,522,0.019056,0.004259,749,784,129727,165000,55.582,10685.871,VoIP
17.093,127,119657,942.181,258.368,69,1315,0.132575,0.087643,64,63,69430,50227,7.43,7000.351,Email
33.239,1538,387902,252.212,61.45,80,531,0.022218,0.005148,756,782,187899,200003,46.271,11670.086,VoIP
2.697,159,105475,663.365,307.134,79,1460,0.017393,0.020018,54,105,24393,81082,58.954,39108.268,Web
34.232,62,7333,118.274,23.974,45,219,0.591373,0.160555,30,32,3809,3524,1.811,214.215,ICMP
84.81,722,424101,587.398,279.065,81,800,0.120993,0.106645,369,353,217342,206759,8.513,5000.601,WhatsApp
104.965,5791,1418538,244.956,38.4,68,476,0.017408,0.003649,2987,2804,799933,618605,55.171,13514.391,VoIP
71.176,7704,8858365,1149.84,324.632,70,1451,0.008709,0.005305,2132,5572,1526608,7331757,108.239,124457.191,Video
10.564,296,190010,641.926,363.882,79,1209,0.037419,0.02652,90,206,38695,151315,28.02,17986.558,Web
4.562,35,26959,770.257,311.005,75,1278,0.136783,0.153336,21,14,15833,11126,7.672,5909.47,Email
13.042,32,4152,129.75,13.626,45,205,0.388051,0.098412,17,15,2346,1806,2.454,318.356,ICMP
111.213,5553,5601924,1008.81,298.575,109,1443,0.020954,0.00985,1166,4387,810623,4791301,49.931,50371.126,Video
68.418,7217,9401915,1302.746,236.643,76,1362,0.009372,0.005,1824,5393,1492331,7909584,105.484,137418.735,Video
242.836,24899,27951548,1122.597,265.339,63,1506,0.010019,0.005574,3294,21605,2393825,25557723,102.534,115104.63,Video
13.656,46,5753,125.065,10.73,76,150,0.319504,0.045266,24,22,2590,3163,3.368,421.28,ICMP
63.278,1324,482988,364.795,105.729,79,1154,0.047403,0.04749,849,475,276744,206244,20.924,7632.795,WhatsApp
7.805,338,267447,791.263,220,62,1125,0.024567,0.024295,91,247,45639,221808,43.306,34266.111,Web
12.014,1660,1854868,1117.39,209.774,110,1483,0.007551,0.002697,1461,199,1826297,28571,138.172,154392.209,File Transfer
6.558,39,4381,112.333,21.549,63,229,0.169024,0.030916,19,20,2107,2274,5.947,668.039,ICMP
38.835,2188,434058,198.381,35.062,84,443,0.019079,0.003727,1007,1181,199867,234191,56.341,11176.98,VoIP
26.424,272,191577,704.327,323.851,95,1198,0.094969,0.090628,146,126,114471,77106,10.294,7250.114,Email
26.041,157,130794,833.083,294.082,100,967,0.156914,0.112036,64,93,62521,68273,6.029,5022.618,Email
33.166,1983,345357,174.159,28.764,87,614,0.016702,0.004113,929,1054,140358,204999,59.79,10412.983,VoIP
8.143,34,22413,659.206,287.447,112,1268,0.23134,0.200143,14,20,10584,11829,4.175,2752.425,Email
32.202,581,214599,369.361,248.332,63,1059,0.054582,0.044722,356,225,118699,95900,18.042,6664.151,WhatsApp
270.078,27059,28181784,1041.494,209.298,100,1277,0.010608,0.002654,4249,22810,3758800,24422984,100.19,104346.833,Video
16.451,896,596710,665.971,398.409,82,1296,0.018824,0.026148,324,572,134745,461965,54.465,36271.959,Web
127.189,2235,1174049,525.302,203.029,64,1060,0.055314,0.052203,1034,1201,602415,571634,17.572,9230.743,WhatsApp
55.11,5891,6986948,1186.038,276.566,109,1300,0.009013,0.003481,901,4990,766188,6220760,106.895,126781.854,Video
17.65,283,118584,419.025,189.194,96,776,0.063797,0.046051,155,128,57794,60790,16.034,6718.64,WhatsApp
20.848,970,812986,838.13,304.561,109,1374,0.020655,0.021127,294,676,145105,667881,46.527,38995.875,Web
11.384,1381,1735685,1256.832,160.638,62,1435,0.007882,0.002007,1271,110,1724941,10744,121.311,152467.059,File Transfer
225.266,29074,33401694,1148.851,330.134,91,1504,0.008026,0.002424,7044,22030,6903294,26498400,129.065,148276.677,Video
12.179,146,90961,623.021,234.75,77,966,0.086884,0.069156,87,59,52094,38867,11.988,7468.676,WhatsApp
30.293,1675,389316,232.427,54.928,63,585,0.018389,0.002771,811,864,168032,221284,55.293,12851.682,VoIP
87.667,7531,8418022,1117.783,286.316,82,1331,0.011466,0.007807,1135,6396,721077,7696945,85.905,96022.7,Video
37.695,3789,4382077,1156.526,229.481,83,1446,0.010465,0.002722,3194,595,4149808,232269,100.517,116250.882,File Transfer
7.044,50,28082,561.64,362.12,78,1407,0.153946,0.101217,24,26,12062,16020,7.098,3986.655,Email
73.363,5328,5741316,1077.574,270.132,102,1318,0.014435,0.005234,1480,3848,1245847,4495469,72.625,78259.013,Video
5.66,60,38343,639.05,328.707,74,1388,0.097153,0.115226,22,38,15698,22645,10.601,6774.382,Email
7.433,400,303080,757.7,360.436,75,1104,0.018996,0.023104,155,245,84274,218806,53.814,40774.923,Web
29.47,575,148262,257.847,235.418,80,1130,0.049068,0.041788,241,334,55559,92703,19.511,5030.947,WhatsApp
95.257,875,671599,767.542,336.451,60,1255,0.101991,0.096642,415,460,261120,410479,9.186,7050.39,Email
42.856,4854,4861675,1001.581,217.986,99,1316,0.008509,0.004816,1229,3625,970008,3891667,113.263,113442.108,Video
82.462,3819,916585,240.007,28.939,74,330,0.020723,0.003439,1981,1838,519156,397429,46.312,11115.241,VoIP
37.446,4184,4594766,1098.175,169.276,80,1381,0.008516,0.003695,799,3385,483476,4111290,111.734,122703.787,Video
37.493,1452,276647,190.528,51.164,65,590,0.025665,0.006494,726,726,143038,133609,38.727,7378.631,VoIP
46.929,238,28320,118.992,25.23,70,202,0.210457,0.056043,112,126,14258,14062,5.071,603.465,ICMP
84.371,3840,953214,248.233,54.367,74,326,0.023376,0.006148,1801,2039,472524,480690,45.513,11297.887,VoIP
39.315,124,12757,102.879,26.088,71,246,0.316472,0.058964,64,60,6165,6592,3.154,324.482,ICMP
3.102,17,9182,540.118,284.263,76,1233,0.205967,0.150624,7,10,3823,5359,5.48,2960.026,Email
61.21,677,347606,513.451,216.195,68,1144,0.085368,0.064376,302,375,153054,194552,11.06,5678.909,WhatsApp
34.576,1350,287760,213.156,65.799,69,610,0.025457,0.007027,663,687,133401,154359,39.044,8322.536,VoIP
9.074,85,64454,758.282,315.278,86,990,0.11053,0.14194,37,48,26176,38278,9.367,7103.152,Email
73.191,468,60787,129.887,33.415,69,214,0.151911,0.023173,223,245,26371,34416,6.394,830.526,ICMP
115.613,692,554778,801.702,305.962,63,975,0.17386,0.181107,376,316,314042,240736,5.985,4798.578,Email
36.229,3219,3183139,988.86,212.658,80,1432,0.011693,0.0045,651,2568,535758,2647381,88.851,87861.63,Video
15.97,429,249064,580.569,256.04,64,1243,0.039497,0.046544,164,265,83211,165853,26.863,15595.742,WhatsApp
10.7,39,4415,113.205,0,65,181,0.292927,0.073404,20,19,2482,1933,3.645,412.617,ICMP
38.945,3624,4829861,1332.743,187.022,88,1470,0.010414,0.004766,3020,604,4486831,343030,93.054,124017.486,File Transfer
26.979,116,20101,173.284,6.957,47,186,0.245921,0.030382,57,59,9549,10552,4.3,745.061,ICMP
2.334,141,110724,785.277,371.081,101,1267,0.01706,0.021167,60,81,32180,78544,60.411,47439.589,Web
168.71,14028,15423642,1099.49,212.009,84,1343,0.011906,0.008169,2799,11229,2060944,13362698,83.149,91421.03,Video
32.037,5810,6609266,1137.567,215.137,73,1406,0.005704,0.002418,5207,603,6300660,308606,181.353,206301.027,File Transfer
9.515,809,611282,755.602,411.467,100,1355,0.011706,0.014283,283,526,141634,469648,85.024,64244.036,Web
92.467,437,48998,112.124,26.23,42,113,0.204708,0.053343,220,217,25572,23426,4.726,529.897,ICMP
2.891,102,75066,735.941,398.76,93,1292,0.028411,0.039793,26,76,16752,58314,35.282,25965.41,Web
107.329,1453,605665,416.838,210.748,95,1233,0.07307,0.084355,524,929,231143,374522,13.538,5643.069,WhatsApp
103.024,12916,13080782,1012.758,236.971,73,1450,0.008147,0.004927,2765,10151,2118541,10962241,125.369,126968.299,Video
21.618,1595,1916118,1201.328,252.343,64,1427,0.013737,0.003234,1412,183,1875771,40347,73.781,88635.304,File Transfer
13.32,177,99339,561.237,257.503,74,1441,0.079445,0.05266,71,106,35661,63678,13.288,7457.883,WhatsApp
96.415,1113,454379,408.247,226.046,79,768,0.086408,0.045841,548,565,211301,243078,11.544,4712.742,WhatsApp
125.995,11193,12985199,1160.118,149.326,61,1334,0.010894,0.006954,1798,9395,1616655,11368544,88.837,103061.225,Video
11.951,117,82860,708.205,286.646,111,1299,0.110005,0.108663,30,87,21648,61212,9.79,6933.311,Email
33.011,124,10498,84.661,9.234,65,216,0.255155,0.026206,61,63,5250,5248,3.756,318.015,ICMP
136.184,7243,1533761,211.758,57.186,81,457,0.018807,0.003744,3357,3886,717616,816145,53.185,11262.417,VoIP
11.564,57,8201,143.877,22.43,70,144,0.193188,0.011006,30,27,3839,4362,4.929,709.184,ICMP
6.34,29,2577,88.862,20.941,51,133,0.243969,0.024754,15,14,1293,1284,4.574,406.467,ICMP
104.861,11694,11213581,958.917,149.082,93,1277,0.009492,0.003849,1803,9891,1337693,9875888,111.519,106937.575,Video
15.106,372,248290,667.446,244.294,91,1382,0.04104,0.031311,135,237,95158,153132,24.626,16436.515,WhatsApp
3.094,149,106534,714.993,324.51,68,1313,0.019807,0.024102,65,84,28528,78006,48.158,34432.45,Web
10.124,1817,2393426,1317.241,190.724,94,1487,0.005332,0.001263,1642,175,2324657,68769,179.475,236411.102,File Transfer
8.697,58,7318,126.172,12.068,53,127,0.163204,0.031184,27,31,3680,3638,6.669,841.44,ICMP
26.48,308,255521,829.614,415.777,102,1019,0.084878,0.107016,151,157,101186,154335,11.631,9649.585,Email
12.989,63,8038,127.587,10.484,59,150,0.21179,0.02885,30,33,3275,4763,4.85,618.831,ICMP
2.652,139,114553,824.122,377.668,109,1412,0.019069,0.026114,58,81,30534,84019,52.413,43194.947,Web
221.379,35314,41562237,1176.934,240.784,60,1464,0.006442,0.001442,31772,3542,40924591,637646,159.518,187742.455,File Transfer
41.537,679,315063,464.01,240.661,63,1086,0.056822,0.066718,427,252,208946,106117,16.347,7585.117,WhatsApp
75.028,104,10574,101.673,28.962,72,107,0.708508,0.083214,50,54,5431,5143,1.386,140.934,ICMP
100.124,11833,15408153,1302.134,276.027,92,1444,0.008455,0.002052,10374,1459,14561776,846377,118.183,153890.706,File Transfer
119.464,15897,17239438,1084.446,204.909,80,1429,0.007536,0.003193,14175,1722,16957988,281450,133.069,144306.553,File Transfer
57.947,4863,5171558,1063.45,284.961,77,1318,0.011153,0.004088,1241,3622,827536,4344022,83.922,89246.346,Video
28.838,1651,344280,208.528,47.075,63,579,0.01743,0.00295,780,871,143230,201050,57.251,11938.415,VoIP
8.217,201,93555,465.448,242.408,68,901,0.040859,0.034181,92,109,42286,51269,24.461,11385.542,WhatsApp
22.978,175,93415,533.8,225.703,70,879,0.130683,0.101257,96,79,47875,45540,7.616,4065.41,WhatsApp
7.373,1177,1539403,1307.904,145.219,98,1423,0.00586,0.002058,1001,176,1438592,100811,159.637,208789.231,File Transfer
13.371,247,111949,453.235,344.083,89,754,0.050129,0.053064,117,130,46722,65227,18.473,8372.523,WhatsApp
105.844,22146,28491585,1286.534,157.15,81,1457,0.004775,0.002429,18873,3273,25793184,2698401,209.232,269184.696,File Transfer
94.319,10129,9941783,981.517,221.89,109,1252,0.008973,0.002748,813,9316,687954,9253829,107.391,105405.942,Video
98.572,10497,11591373,1104.256,282.208,75,1367,0.009899,0.003963,1558,8939,1086028,10505345,106.491,117592.957,Video
9.687,158,73375,464.399,278.151,87,1051,0.057839,0.055842,102,56,43235,30140,16.311,7574.584,WhatsApp
32.274,5787,6479201,1119.613,133.714,69,1469,0.005306,0.002419,5344,443,6446805,32396,179.308,200756.058,File Transfer
61.258,3660,4231725,1156.209,264.52,85,1267,0.017969,0.004846,878,2782,699352,3532373,59.747,69080.365,Video
155.788,2032,885876,435.963,296.441,91,735,0.070922,0.048082,896,1136,426766,459110,13.043,5686.42,WhatsApp
16.848,2539,3269001,1287.515,198.575,74,1512,0.006515,0.003228,2437,102,3252656,16345,150.7,194029.024,File Transfer
45.409,2353,438822,186.495,45.304,83,353,0.017818,0.006173,1188,1165,216813,222009,51.818,9663.767,VoIP
146.15,11525,13285964,1152.795,295.849,73,1343,0.012073,0.004935,2876,8649,2113527,11172437,78.857,90906.356,Video
10.153,1460,1714826,1174.538,186.891,102,1412,0.006929,0.002526,1200,260,1614892,99934,143.8,168898.454,File Transfer
98.487,1221,809552,663.024,214.174,85,1192,0.085241,0.084746,571,650,365961,443591,12.398,8219.887,WhatsApp
33.688,1409,1151068,816.94,362.537,90,1135,0.024706,0.022712,508,901,231004,920064,41.825,34168.487,Web
28.34,4089,4908175,1200.336,156.318,62,1514,0.007414,0.001462,3916,173,4883634,24541,144.284,173188.956,File Transfer
49.586,311,254252,817.531,258.821,67,1161,0.165815,0.130051,103,208,90087,164165,6.272,5127.496,Email
91.68,510,66004,129.42,18.075,78,133,0.179561,0.04322,252,258,33329,32675,5.563,719.939,ICMP
4.807,330,258391,783.003,453.88,92,1143,0.013809,0.01618,116,214,60298,198093,68.65,53753.068,Web
4.36,37,21695,586.351,270.719,113,1044,0.120742,0.077686,13,24,6848,14847,8.486,4975.917,Email
17.539,127,90220,710.394,275.18,117,1295,0.141148,0.160507,53,74,32153,58067,7.241,5143.965,Email
6.395,1060,1400772,1321.483,225.864,109,1485,0.006497,0.00342,970,90,1363429,37343,165.754,219041.751,File Transfer
19.57,107,13877,129.692,20.293,52,207,0.19227,0.029923,51,56,6334,7543,5.468,709.096,ICMP
43.71,1500,1137005,758.003,352.719,91,1417,0.0307,0.037612,462,1038,277943,859062,34.317,26012.469,Web
38.725,1420,1261628,888.47,402.556,103,1106,0.026905,0.032173,617,803,423074,838554,36.669,32579.161,Web
162.052,22644,26731841,1180.526,209.399,72,1334,0.007594,0.003867,4273,18371,3769477,22962364,139.733,164958.415,Video
103.985,1196,627917,525.014,223.923,98,1044,0.088631,0.052519,521,675,246654,381263,11.502,6038.534,WhatsApp
15.402,157,85435,544.172,271.862,72,1480,0.098214,0.078308,56,101,27149,58286,10.193,5547.007,Email
93.267,2426,1056691,435.569,267.684,76,724,0.036078,0.023769,1375,1051,605128,451563,26.011,11329.741,WhatsApp
1.528,57,39069,685.421,347.602,64,1272,0.027689,0.036531,25,32,10634,28435,37.304,25568.717,Web
10.653,118,63724,540.034,186.357,78,1181,0.093197,0.10613,67,51,36461,27263,11.077,5981.789,WhatsApp
26.691,1017,220740,217.05,18,72,443,0.024762,0.005424,529,488,117838,102902,38.103,8270.203,VoIP
140.001,7502,1695991,226.072,44.754,85,363,0.018097,0.004491,3952,3550,887729,808262,53.585,12114.135,VoIP
16.665,63,51245,813.413,271.695,80,1215,0.257514,0.187338,40,23,27478,23767,3.78,3075.008,Email
89.066,10692,14555134,1361.311,131.141,91,1479,0.008044,0.003035,8679,2013,13237021,1318113,120.046,163419.644,File Transfer
87.549,9258,9766484,1054.924,213.221,75,1509,0.009175,0.005882,1873,7385,1383752,8382732,105.746,111554.489,Video
7.153,23,3066,133.304,25.435,76,140,0.321602,0.096079,11,12,1588,1478,3.215,428.631,ICMP
59.994,7460,8490103,1138.084,169.915,71,1260,0.007883,0.002537,1657,5803,1494729,6995374,124.346,141515.868,Video
101.218,5758,1182344,205.339,25.653,67,362,0.018232,0.004197,2992,2766,649277,533067,56.887,11681.163,VoIP
177.272,31280,36373230,1162.827,228.798,63,1513,0.005607,0.001818,25913,5367,34409968,1963262,176.452,205183.165,File Transfer
55.343,360,251133,697.592,393.005,116,1204,0.156664,0.086085,128,232,76918,174215,6.505,4537.755,Email
14.086,57,4904,86.035,19.658,53,139,0.243919,0.014242,29,28,2133,2771,4.047,348.147,ICMP
275.423,25236,29172367,1155.982,142.276,80,1330,0.011275,0.004964,6656,18580,6449695,22722672,91.626,105918.413,Video
28.844,4883,5713399,1170.059,219.723,93,1411,0.005634,0.002995,4366,517,5684832,28567,169.29,198079.289,File Transfer
31.865,4612,6277901,1361.21,167.389,92,1468,0.007053,0.00179,4007,605,5767810,510091,144.736,197015.566,File Transfer
142.538,5701,1261189,221.222,41.492,76,462,0.023941,0.003932,2772,2929,698597,562592,39.996,8848.09,VoIP
45.443,3394,2562322,754.956,349.224,83,1104,0.012879,0.011386,897,2497,439078,2123244,74.687,56385.406,Web
254.252,21944,24246004,1104.904,197.045,75,1452,0.011909,0.004254,3841,18103,2703684,21542320,86.308,95362.097,Video
12.763,48,5554,115.708,9.523,60,116,0.260069,0.051236,24,24,2680,2874,3.761,435.164,ICMP
15.522,978,711382,727.384,347.208,83,1440,0.016168,0.008578,454,524,284553,426829,63.007,45830.563,Web
15.771,121,86195,712.355,240.644,94,730,0.133265,0.122637,45,76,35700,50495,7.672,5465.411,WhatsApp
215.83,10645,10923299,1026.144,268.538,74,1464,0.020508,0.00814,1462,9183,1080607,9842692,49.321,50610.661,Video
18.292,2050,2578142,1257.63,248.999,62,1488,0.008449,0.00285,1899,151,2565251,12891,112.071,140943.691,File Transfer
61.414,389,316286,813.075,197.487,101,1071,0.166135,0.112965,120,269,103284,213002,6.334,5150.064,Email
7.74,506,414958,820.075,407.75,79,1223,0.014279,0.016325,225,281,154774,260184,65.375,53612.145,Web
119.619,2526,1742083,689.661,171.95,92,1416,0.049069,0.052078,1142,1384,735854,1006229,21.117,14563.598,WhatsApp
41.658,468,252756,540.077,217.691,81,1340,0.095088,0.06006,186,282,96126,156630,11.234,6067.406,WhatsApp
10.205,1625,2033763,1251.546,170.75,64,1402,0.006424,0.001679,1524,101,2023594,10169,159.236,199290.838,File Transfer
62.931,1444,621250,430.229,303.254,94,1170,0.04511,0.04165,708,736,292287,328963,22.946,9871.923,WhatsApp
13.005,190,131352,691.326,131.512,79,871,0.070848,0.069234,99,91,78021,53331,14.61,10100.115,WhatsApp
7.085,1177,1500197,1274.594,199.008,102,1500,0.006348,0.002209,1030,147,1460425,39772,166.126,211742.696,File Transfer
256.691,22337,25960983,1162.241,227.471,77,1276,0.012353,0.005003,2120,20217,1678189,24282794,87.019,101137.099,Video
130.713,12096,15695562,1297.583,324.264,104,1485,0.011455,0.007212,1993,10103,1919765,13775797,92.539,120076.519,Video
41.603,1975,385645,195.263,28.237,60,451,0.01944,0.006728,972,1003,201353,184292,47.473,9269.644,VoIP
2.405,50,28221,564.42,375.145,81,1496,0.051468,0.068231,13,37,5890,22331,20.79,11734.304,Web
20.594,119,13345,112.143,31.444,52,141,0.184698,0.022408,59,60,6313,7032,5.778,648.004,ICMP
71.177,3709,3118341,840.75,380.024,107,1378,0.018807,0.013385,1767,1942,953707,2164634,52.11,43811.077,Web
8.157,487,422849,868.273,357.177,108,1130,0.017932,0.009567,220,267,116652,306197,59.703,51838.789,Web
16.297,79,10750,136.076,11.191,43,137,0.199886,0.017513,41,38,6258,4492,4.848,659.631,ICMP
19.902,777,660740,850.373,379.395,95,1378,0.027364,0.015158,219,558,160647,500093,39.041,33199.678,Web
27.305,89,10046,112.876,20.559,80,205,0.329899,0.084683,45,44,4289,5757,3.259,367.918,ICMP
32.216,401,213054,531.307,269.871,92,1093,0.081121,0.056976,122,279,65927,147127,12.447,6613.298,Email
63.796,7306,8452829,1156.971,153.193,65,1305,0.008478,0.002439,1701,5605,1237083,7215746,114.521,132497.79,Video
2.008,75,51247,683.293,431.022,65,1160,0.027135,0.039599,29,46,11425,39822,37.351,25521.414,Web
30.219,1651,378261,229.11,31.153,84,628,0.018343,0.004161,789,862,189870,188391,54.635,12517.324,VoIP
6.747,39,4463,114.436,14.573,84,195,0.187287,0.055126,20,19,2337,2126,5.78,661.479,ICMP
56.715,4876,5816482,1192.88,120.282,100,1508,0.01165,0.005198,4064,812,5344932,471550,85.974,102556.325,File Transfer
21.686,284,262430,924.049,285.565,106,1175,0.078697,0.046965,97,187,100582,161848,13.096,12101.356,Email
61.918,3242,796267,245.61,53.314,80,624,0.019708,0.002616,1540,1702,370635,425632,52.36,12860.025,VoIP
113.782,5796,1216815,209.94,87.371,80,301,0.018639,0.005608,2935,2861,643558,573257,50.94,10694.266,VoIP
5.218,17,1711,100.647,24.136,81,197,0.314366,0.055529,8,9,925,786,3.258,327.903,ICMP
11.493,1301,1595452,1226.327,239.964,97,1495,0.008404,0.002282,1253,48,1587475,7977,113.199,138819.455,File Transfer
74.916,3517,3535665,1005.307,178.013,67,1391,0.021537,0.009362,710,2807,616730,2918935,46.946,47195.058,Video
63.733,5282,4662726,882.758,328.318,75,1409,0.012139,0.006889,1280,4002,770720,3892006,82.877,73160.309,Video
13.828,57,6029,105.772,26.042,50,236,0.231694,0.026169,30,27,3472,2557,4.122,435.999,ICMP
31.328,1597,303634,190.128,39.329,85,512,0.019626,0.005469,833,764,173773,129861,50.977,9692.097,VoIP
291.029,29771,34927897,1173.219,232.655,96,1411,0.009004,0.002605,4178,25593,3975645,30952252,102.296,120015.177,Video
9.048,127,69647,548.402,279.521,84,868,0.076479,0.063469,68,59,34253,35394,14.036,7697.502,WhatsApp
43.764,4769,4844199,1015.768,239.901,64,1475,0.008479,0.005056,840,3929,543983,4300216,108.971,110689.128,Video
28.102,115,15912,138.365,27.579,46,208,0.243492,0.036508,57,58,6776,9136,4.092,566.223,ICMP
36.041,226,124730,551.903,227.981,84,1216,0.17252,0.100607,82,144,40450,84280,6.271,3460.781,Email
193.641,24690,23522231,952.703,257.335,65,1448,0.007633,0.005038,6473,18217,4969393,18552838,127.504,121473.402,Video
101.345,2284,1049692,459.585,264.395,86,790,0.046256,0.047096,859,1425,402364,647328,22.537,10357.61,WhatsApp
47.576,247,32190,130.324,24.367,83,164,0.184246,0.039558,119,128,17253,14937,5.192,676.602,ICMP
127.238,17986,20323723,1129.975,259.804,103,1391,0.00697,0.002402,2962,15024,2930659,17393064,141.357,159729.978,Video
7.176,33,4682,141.879,21.4,52,224,0.22751,0.014385,16,17,2603,2079,4.599,652.453,ICMP
19.665,300,166371,554.57,222.883,99,1196,0.070626,0.032791,119,181,73323,93048,15.256,8460.259,WhatsApp
1.926,113,79944,707.469,440.578,94,1441,0.016923,0.010673,34,79,14119,65825,58.671,41507.788,Web
81.734,4329,913248,210.96,46.441,89,479,0.020017,0.006802,2309,2020,449599,463649,52.964,11173.416,VoIP
77.771,386,50862,131.767,30.863,79,239,0.201741,0.029439,196,190,25972,24890,4.963,653.997,ICMP
7.653,72,50932,707.389,297.372,120,1414,0.100797,0.094976,24,48,18610,32322,9.408,6655.168,Email
5.439,246,143235,582.256,343.921,90,1456,0.02124,0.02622,83,163,28497,114738,45.229,26334.804,Web
53.211,2534,447682,176.67,60.375,71,586,0.021033,0.00403,1284,1250,221560,226122,47.622,8413.336,VoIP
48.637,5187,6137646,1183.275,268.325,78,1454,0.010116,0.002404,4624,563,5804848,332798,106.647,126192.94,File Transfer
53.995,2886,654924,226.931,51.992,68,510,0.018342,0.004017,1388,1498,274082,380842,53.449,12129.345,VoIP
6.036,28,2746,98.071,6.737,62,153,0.23748,0.048187,14,14,1230,1516,4.639,454.937,ICMP
40.22,2086,396614,190.131,65.41,61,347,0.017948,0.004575,1108,978,179488,217126,51.865,9861.114,VoIP
1.663,39,39780,1020.0,466.125,87,1481,0.044428,0.047366,18,21,15521,24259,23.452,23920.625,Web
66.272,2817,604828,214.706,70.943,78,489,0.021654,0.006387,1437,1380,284619,320209,42.507,9126.449,VoIP
30.797,3482,4508979,1294.939,207.451,75,1412,0.009244,0.004015,619,2863,575125,3933854,113.063,146409.683,Video
19.148,218,106995,490.803,290.538,77,1099,0.081197,0.075456,101,117,49042,57953,11.385,5587.79,Email
57.68,8058,9122288,1132.078,195.43,88,1325,0.007664,0.002645,1838,6220,1526876,7595412,139.702,158153.398,Video
29.462,1281,805148,628.531,300.715,76,1130,0.022957,0.017958,495,786,213356,591792,43.48,27328.355,Web
72.849,14277,18187634,1273.911,258.563,71,1441,0.005164,0.00255,13294,983,18096696,90938,195.981,249662.096,File Transfer
67.512,816,415455,509.136,193.239,78,1343,0.086502,0.064774,497,319,219415,196040,12.087,6153.795,WhatsApp
70.802,5975,5457039,913.312,203.258,101,1452,0.011664,0.004452,1166,4809,839991,4617048,84.39,77074.645,Video
10.631,144,79899,554.854,286.78,118,1009,0.074097,0.071144,47,97,27843,52056,13.545,7515.662,Email
17.856,242,130993,541.293,247.584,94,957,0.078408,0.065357,135,107,78733,52260,13.553,7336.078,WhatsApp
1.904,123,103886,844.602,341.7,71,1310,0.015814,0.014288,59,64,28438,75448,64.601,54561.975,Web
173.231,5754,1041971,181.086,69.548,62,576,0.030146,0.007963,2796,2958,563532,478439,33.216,6014.922,VoIP
28.16,2561,3038058,1186.278,216.604,99,1394,0.011294,0.004217,217,2344,195801,2842257,90.945,107885.582,Video
165.286,9225,2270275,246.1,51.141,83,542,0.01878,0.005937,4881,4344,1058892,1211383,55.812,13735.434,VoIP
47.028,1882,369442,196.303,67.358,66,313,0.023268,0.007799,873,1009,189773,179669,40.019,7855.788,VoIP
36.535,3414,3993208,1169.657,245.363,79,1396,0.01007,0.006746,687,2727,615981,3377227,93.445,109298.152,Video
10.246,214,82111,383.696,217.21,64,1378,0.051159,0.06035,108,106,45233,36878,20.886,8013.957,WhatsApp
62.702,3270,866995,265.136,69.199,67,576,0.0179,0.004184,1560,1710,415156,451839,52.151,13827.23,VoIP
33.921,420,352755,839.893,250.358,101,1201,0.082161,0.08333,172,248,151798,200957,12.382,10399.31,Email
17.538,209,152328,728.842,184.815,82,1254,0.089212,0.07286,119,90,86717,65611,11.917,8685.597,Email
9.897,515,351266,682.07,345.6,74,1148,0.018072,0.025668,205,310,109014,242252,52.036,35492.169,Web
166.503,27555,34964870,1268.912,136.776,67,1454,0.006114,0.001645,26008,1547,34790046,174824,165.493,209995.436,File Transfer
196.505,26187,31710260,1210.916,109.189,87,1433,0.007297,0.001355,25136,1051,31551709,158551,133.264,161371.263,File Transfer
15.972,110,86830,789.364,190.998,86,1032,0.144149,0.07933,47,63,33139,53691,6.887,5436.389,Email
4.926,169,139488,825.373,313.776,89,1207,0.029171,0.021688,52,117,32866,106622,34.308,28316.687,Web
3.426,146,119697,819.842,350.861,101,1433,0.024949,0.013311,50,96,33140,86557,42.615,34937.828,Web
9.422,1281,1583533,1236.169,198.266,101,1484,0.007399,0.003443,1075,206,1418881,164652,135.958,168067.608,File Transfer
7.172,37,6137,165.865,7.167,76,166,0.191277,0.0499,19,18,3120,3017,5.159,855.689,ICMP
7.24,1170,1347552,1151.754,155.083,75,1426,0.006179,0.003075,1032,138,1263711,83841,161.602,186125.967,File Transfer
7.821,65,42404,652.369,351.745,72,1414,0.117474,0.120231,24,41,17418,24986,8.311,5421.813,Email
32.105,1149,700501,609.661,358.543,105,1416,0.028428,0.029232,534,615,233347,467154,35.789,21819.062,Web
214.315,27247,32868884,1206.33,209.692,102,1384,0.008301,0.002372,5737,21510,4624640,28244244,127.135,153367.165,Video
7.46,954,954000,1000.0,215.533,90,1421,0.007444,0.003598,810,144,870421,83579,127.882,127882.038,File Transfer
254.845,32696,36499488,1116.329,215.486,65,1384,0.008002,0.003144,8932,23764,6388509,30110979,128.298,143222.304,Video
86.556,1261,888711,704.767,271.157,61,1033,0.067555,0.061966,649,612,461088,427623,14.569,10267.468,Email
83.656,3833,716233,186.86,52.868,76,468,0.022507,0.006309,2019,1814,390154,326079,45.819,8561.645,VoIP
213.087,19614,22875286,1166.273,284.128,92,1487,0.01102,0.005995,3476,16138,2264673,20610613,92.047,107351.861,Video
201.255,19326,23889122,1236.113,263.686,79,1435,0.010185,0.005429,4996,14330,4677496,19211626,96.027,118700.763,Video
5.156,45,35555,790.111,403.852,67,1363,0.119692,0.07819,25,20,20146,15409,8.728,6895.849,Email
43.045,2011,1467337,729.655,409.919,66,1170,0.02275,0.018573,556,1455,283816,1183521,46.719,34088.442,Web
130.792,13965,14573542,1043.576,249.849,94,1331,0.008921,0.0045,3690,10275,2775832,11797710,106.773,111425.332,Video
61.993,992,708671,714.386,294.62,84,1456,0.059718,0.033159,530,462,308085,400586,16.002,11431.468,Email
10.935,49,5631,114.918,26.874,58,115,0.22333,0.066287,24,25,2665,2966,4.481,514.952,ICMP
6.079,20,2203,110.15,33.271,55,187,0.306179,0.01538,10,10,1247,956,3.29,362.395,ICMP
15.216,160,77894,486.837,221.246,90,1319,0.093052,0.080127,60,100,32174,45720,10.515,5119.217,WhatsApp
243.085,30546,38855266,1272.025,126.455,77,1407,0.007687,0.00142,25676,4870,37148925,1706341,125.66,159842.302,File Transfer
23.027,138,92462,670.014,341.379,107,1370,0.164208,0.172497,81,57,51249,41213,5.993,4015.373,Email
14.447,269,142690,530.446,222.956,70,1094,0.057165,0.036962,172,97,84860,57830,18.62,9876.791,WhatsApp
60.989,467,331182,709.169,300.088,71,930,0.136606,0.156661,129,338,98695,232487,7.657,5430.192,Email
69.406,334,26487,79.302,19.613,68,155,0.19777,0.021123,174,160,15323,11164,4.812,381.624,ICMP
133.39,1980,1422732,718.552,334.147,73,1135,0.072227,0.086413,943,1037,660580,762152,14.844,10665.957,Email
263.119,31256,31554756,1009.558,285.951,63,1358,0.008614,0.003481,5682,25574,4688483,26866273,118.79,119925.798,Video
16.848,54,7156,132.519,31.21,46,133,0.312955,0.064376,28,26,3320,3836,3.205,424.739,ICMP
52.899,2872,609256,212.136,57.211,81,309,0.019747,0.006053,1370,1502,299007,310249,54.292,11517.344,VoIP
163.315,3039,1167629,384.215,218.347,93,941,0.051541,0.055942,1075,1964,453871,713758,18.608,7149.551,WhatsApp
19.844,138,100902,731.174,298.05,103,1141,0.139748,0.180453,47,91,34146,66756,6.954,5084.761,Email
148.164,1417,676196,477.203,244.041,96,794,0.101993,0.055827,855,562,392093,284103,9.564,4563.835,WhatsApp
23.849,2694,3420334,1269.612,186.499,96,1449,0.008873,0.003712,2233,461,3132174,288160,112.961,143416.244,File Transfer
1.694,76,55997,736.803,445.04,107,1167,0.024197,0.022285,24,52,9903,46094,44.864,33056.08,Web
36.678,1691,370961,219.374,33.758,89,502,0.02321,0.002795,858,833,201150,169811,46.104,10113.992,VoIP
8.725,40,30707,767.675,320.372,60,1477,0.234056,0.254653,24,16,17127,13580,4.585,3519.427,Email
5.055,23,2629,114.304,14.788,84,218,0.21315,0.030756,12,11,1213,1416,4.55,520.079,ICMP
94.518,478,70146,146.749,19.839,46,151,0.190468,0.015819,248,230,40309,29837,5.057,742.144,ICMP
20.011,410,191618,467.361,168.452,69,772,0.046364,0.023374,254,156,132960,58658,20.489,9575.633,WhatsApp
32.774,3514,4432339,1261.337,216.093,71,1404,0.008963,0.00203,3206,308,4387388,44951,107.219,135239.489,File Transfer
265.887,31610,37319903,1180.636,279.709,80,1406,0.008939,0.002924,29829,1781,37133303,186600,118.885,140360.014,File Transfer
7.818,30,3885,129.5,22.917,52,131,0.282355,0.020116,14,16,1698,2187,3.837,496.93,ICMP
35.163,511,219276,429.112,225.204,77,707,0.065716,0.056805,221,290,82864,136412,14.532,6235.987,WhatsApp
25.895,853,162981,191.068,55.021,73,578,0.03066,0.006121,399,454,65570,97411,32.941,6293.918,VoIP
128.864,18686,19597629,1048.787,192.807,65,1476,0.006745,0.002007,17264,1422,19499641,97988,145.006,152079.937,File Transfer
58.676,4207,4657197,1107.011,201.29,107,1441,0.013686,0.008734,1049,3158,923519,3733678,71.699,79371.413,Video
10.391,1132,1264211,1116.794,119.134,94,1470,0.009409,0.002091,932,200,1121629,142582,108.94,121664.036,File Transfer
53.894,723,466139,644.729,237.071,63,1026,0.069764,0.074232,390,333,253644,212495,13.415,8649.182,Email
23.755,1350,1276420,945.496,392.247,94,1257,0.017351,0.021937,342,1008,211102,1065318,56.83,53732.688,Web
45.338,162,23504,145.086,5.551,48,196,0.259312,0.076224,76,86,11351,12153,3.573,518.417,ICMP
122.631,2472,1204180,487.128,204.293,92,967,0.053406,0.056716,1279,1193,570063,634117,20.158,9819.54,WhatsApp
15.822,132,81297,615.886,170,85,1066,0.114041,0.134522,80,52,42256,39041,8.343,5138.225,Email
26.262,4448,5733352,1288.973,118.84,61,1434,0.005966,0.002736,3967,481,5452246,281106,169.37,218313.609,File Transfer
1.527,101,72063,713.495,385.327,92,1195,0.014633,0.011832,34,67,14920,57143,66.143,47192.534,Web
6.716,93,53185,571.882,324.739,102,1413,0.074453,0.087966,57,36,37496,15689,13.848,7919.148,Email
37.318,1836,329034,179.212,61.901,77,308,0.019547,0.004693,961,875,159010,170024,49.199,8817.032,VoIP
125.383,2493,743385,298.189,360,64,831,0.048909,0.041247,1517,976,437243,306142,19.883,5928.914,WhatsApp
21.235,3348,3807206,1137.158,237.916,87,1444,0.006587,0.003432,3175,173,3788170,19036,157.664,179289.192,File Transfer
28.729,1661,416227,250.588,38.525,63,310,0.016598,0.003242,875,786,222709,193518,57.816,14488.043,VoIP
82.643,8235,7861924,954.696,221.787,72,1409,0.010593,0.00708,2001,6234,1238084,6623840,99.645,95131.154,Video
48.997,295,28110,95.288,13.947,52,235,0.153762,0.012268,156,139,13229,14881,6.021,573.709,ICMP
160.606,9053,2273244,251.104,64.669,82,445,0.018463,0.005953,4874,4179,1398067,875177,56.368,14154.166,VoIP
257.087,27442,27731232,1010.54,231.673,70,1433,0.010053,0.004889,4661,22781,3188018,24543214,106.742,107867.111,Video
138.209,6302,1300245,206.323,53.588,84,516,0.021346,0.007174,3259,3043,608819,691426,45.598,9407.817,VoIP
34.445,3337,4133772,1238.769,238.472,98,1511,0.010436,0.004359,3103,234,4107305,26467,96.879,120010.8,File Transfer
131.43,21360,26959653,1262.156,244.243,105,1453,0.005962,0.00146,17700,3660,24336865,2622788,162.52,205125.565,File Transfer
113.773,10032,9843399,981.2,275.758,100,1491,0.011534,0.007632,2502,7530,1711494,8131905,88.176,86517.882,Video
14.651,444,310306,698.887,324.785,105,1480,0.032059,0.026503,136,308,53651,256655,30.305,21179.851,Web
6.431,223,169548,760.305,341.943,86,1336,0.028941,0.023228,61,162,31183,138365,34.676,26364.174,Web
6.803,30,3398,113.267,13.941,69,253,0.231357,0.022417,15,15,1970,1428,4.41,499.486,ICMP
46.191,422,243510,577.038,321.82,61,1291,0.109727,0.059123,183,239,122967,120543,9.136,5271.806,Email
67.566,424,55277,130.37,11.336,50,185,0.154148,0.030695,223,201,27423,27854,6.275,818.119,ICMP
9.416,655,510454,779.319,430.108,62,1155,0.014188,0.017436,213,442,149199,361255,69.562,54211.342,Web
115.828,6265,1407229,224.618,39.064,69,387,0.019232,0.003632,3045,3220,776207,631022,54.089,12149.299,VoIP
13.439,81,9069,111.963,30.911,46,219,0.177208,0.011051,42,39,5067,4002,6.027,674.827,ICMP
1.754,57,51923,910.93,416.41,61,1219,0.029007,0.041209,21,36,16140,35783,32.497,29602.623,Web
9.003,30,4096,136.533,26.541,72,183,0.315352,0.044428,15,15,2314,1782,3.332,454.959,ICMP
13.525,270,95613,354.122,171.636,84,1448,0.046411,0.022058,175,95,65667,29946,19.963,7069.353,WhatsApp
88.046,12409,15012355,1209.796,180.778,66,1451,0.007622,0.002713,11398,1011,14937293,75062,140.938,170505.815,File Transfer
1.931,57,50523,886.368,374.033,80,1440,0.035625,0.035395,21,36,12597,37926,29.518,26164.164,Web
46.212,214,23123,108.051,33.022,84,201,0.208592,0.051518,104,110,10471,12652,4.631,500.368,ICMP
74.224,3632,787761,216.895,57.504,82,558,0.021974,0.005156,1718,1914,350299,437462,48.933,10613.292,VoIP
3.553,38,30558,804.158,266.77,96,1457,0.089395,0.087445,23,15,16590,13968,10.695,8600.619,Email
85.129,1032,510763,494.925,318.308,108,1240,0.079114,0.073516,560,472,289771,220992,12.123,5999.871,Email
33.49,239,177320,741.925,341.824,76,1369,0.150259,0.14743,68,171,48998,128322,7.136,5294.715,Email
49.094,212,24089,113.627,17.715,84,180,0.250739,0.049895,109,103,12608,11481,4.318,490.671,ICMP
64.166,7381,6946352,941.113,293.06,97,1395,0.008991,0.005689,1308,6073,863910,6082442,115.03,108255.961,Video
134.336,20702,24252536,1171.507,204.485,75,1491,0.005999,0.003212,17827,2875,22855388,1397148,154.106,180536.386,File Transfer
34.974,1429,1009482,706.425,420.274,74,1135,0.022552,0.029577,372,1057,206174,803308,40.859,28863.785,Web
12.986,676,567252,839.13,427.737,64,1507,0.018615,0.021573,191,485,141701,425551,52.056,43681.811,Web
5.502,18,2135,118.611,0,76,119,0.319187,0.074693,9,9,1159,976,3.272,388.041,ICMP
100.979,8610,8542385,992.147,270.23,74,1453,0.01131,0.002871,1844,6766,1247783,7294602,85.265,84595.659,Video
6.917,71,45841,645.648,277.238,111,1470,0.104512,0.085358,39,32,29802,16039,10.265,6627.295,Email
258.891,20608,22460182,1089.877,180.275,67,1280,0.013452,0.009367,2567,18041,1882635,20577547,79.601,86755.36,Video
136.015,1175,856390,728.843,361.384,95,1227,0.119176,0.09566,611,564,412761,443629,8.639,6296.291,Email
9.869,186,50144,269.591,192.21,64,765,0.049801,0.022869,84,102,23231,26913,18.847,5080.961,WhatsApp
1.904,92,73273,796.446,334.666,99,1152,0.021252,0.013563,25,67,11136,62137,48.319,38483.718,Web
47.202,720,266027,369.482,216.535,98,1409,0.068204,0.072079,330,390,137704,128323,15.254,5635.926,WhatsApp
93.933,11375,11804469,1037.756,281.67,73,1279,0.008452,0.003665,2834,8541,2515973,9288496,121.097,125669.03,Video
226.537,25495,32568717,1277.455,260.296,93,1381,0.008217,0.004142,7062,18433,5965456,26603261,112.542,143767.76,Video
38.918,1703,343116,201.477,44.082,60,474,0.024167,0.004599,823,880,163839,179277,43.759,8816.383,VoIP
30.339,1167,258406,221.428,90,70,489,0.026854,0.004537,626,541,135327,123079,38.465,8517.288,VoIP
39.159,609,224399,368.471,276.109,88,1088,0.065814,0.068597,323,286,117084,107315,15.552,5730.458,WhatsApp
9.787,77,48722,632.753,321.504,74,1113,0.130015,0.136385,32,45,21946,26776,7.868,4978.236,Email
130.197,1416,634102,447.812,206.553,63,1303,0.088597,0.076493,793,623,403064,231038,10.876,4870.327,WhatsApp
19.799,69,7489,108.536,17.242,52,128,0.304583,0.045476,34,35,3933,3556,3.485,378.251,ICMP
12.731,151,95117,629.914,316.948,67,881,0.08574,0.049778,96,55,58717,36400,11.861,7471.291,WhatsApp
18.556,226,150745,667.013,376.362,107,1435,0.084545,0.079357,90,136,65820,84925,12.179,8123.787,Email
37.058,502,367658,732.386,296.646,115,1392,0.076492,0.078198,232,270,170744,196914,13.546,9921.151,Email
9.724,449,349622,778.668,470.081,71,1389,0.020661,0.022595,192,257,108220,241402,46.174,35954.545,Web
40.679,6146,8061029,1311.589,144.943,93,1455,0.006362,0.002866,5569,577,8020724,40305,151.085,198161.926,File Transfer
70.685,1858,1047557,563.809,264.931,93,755,0.038879,0.024606,914,944,472691,574866,26.286,14820.075,WhatsApp
85.765,3959,870779,219.949,75.587,90,480,0.023073,0.00766,1877,2082,379136,491643,46.161,10153.081,VoIP
36.331,1345,862527,641.284,340.803,87,1473,0.026602,0.014374,569,776,214512,648015,37.021,23740.8,Web
5.898,40,3517,87.925,20.656,75,233,0.150594,0.028974,21,19,2055,1462,6.782,596.304,ICMP
36.036,3437,4560830,1326.98,204.022,81,1473,0.010356,0.002382,3156,281,4538026,22804,95.377,126563.159,File Transfer
177.042,7585,1661769,219.086,67.999,69,375,0.022263,0.006682,4003,3582,841039,820730,42.843,9386.298,VoIP
42.275,3855,4683877,1215.013,163.781,92,1467,0.010771,0.005047,354,3501,244130,4439747,91.189,110795.435,Video
51.995,1228,741577,603.89,426.69,97,1109,0.043909,0.038824,385,843,179568,562009,23.618,14262.468,Web
41.624,78,6143,78.756,12.582,73,166,0.54098,0.09228,38,40,2962,3181,1.874,147.583,ICMP
85.689,4187,936931,223.771,71.805,67,508,0.020451,0.006898,1976,2211,397312,539619,48.863,10934.087,VoIP
35.905,2336,1758294,752.694,345.32,99,1280,0.016146,0.022364,656,1680,334306,1423988,65.061,48970.728,Web
61.627,2891,640692,221.616,37.656,77,308,0.020543,0.004773,1330,1561,280047,360645,46.911,10396.287,VoIP
27.371,3485,4520419,1297.107,255.787,79,1404,0.007276,0.003882,3305,180,4497817,22602,127.325,165153.593,File Transfer
15.389,933,708903,759.81,331.653,91,1351,0.01546,0.013779,353,580,203656,505247,60.628,46065.566,Web
7.314,305,207074,678.931,291.452,108,1197,0.025944,0.021857,87,218,47428,159646,41.701,28312.004,Web
3.411,37,29540,798.378,252.436,76,1476,0.091594,0.08157,19,18,16193,13347,10.847,8660.217,Email
163.56,2437,1007897,413.581,237.017,79,823,0.070344,0.039357,1583,854,734439,273458,14.9,6162.246,WhatsApp
36.196,1573,302269,192.161,55.181,75,490,0.024263,0.00679,808,765,166564,135705,43.458,8350.895,VoIP
188.91,14784,19193803,1298.282,231.631,63,1489,0.013386,0.005519,14247,537,19097834,95969,78.259,101602.896,File Transfer
59.93,1011,481480,476.241,219.071,74,909,0.057745,0.052212,515,496,235697,245783,16.87,8034.04,WhatsApp
103.283,5173,1380125,266.794,46.783,75,312,0.021062,0.00458,2410,2763,599406,780719,50.086,13362.557,VoIP
95.578,626,424884,678.728,289.343,107,1447,0.153984,0.103168,250,376,168400,256484,6.55,4445.416,Email
64.993,1244,560686,450.712,189.463,83,1379,0.054508,0.037482,470,774,243398,317288,19.141,8626.868,WhatsApp
107.333,1101,989570,898.792,251.205,77,927,0.102794,0.074732,529,572,465998,523572,10.258,9219.625,Email
13.395,115,85780,745.913,292.148,117,912,0.123673,0.086184,68,47,48424,37356,8.585,6403.882,Email
12.966,111,84744,763.459,275.904,80,916,0.112856,0.125475,60,51,49358,35386,8.561,6535.863,Email
24.974,961,829318,862.974,366.242,109,1448,0.025829,0.013433,390,571,210156,619162,38.48,33207.256,Web
54.571,2108,363972,172.662,39.82,71,400,0.027151,0.007443,1123,985,165962,198010,38.629,6669.696,VoIP
35.653,1801,420853,233.677,59.093,81,566,0.020812,0.005943,873,928,230028,190825,50.515,11804.14,VoIP
110.188,2779,1449738,521.676,280.203,68,736,0.039255,0.032159,1744,1035,1044989,404749,25.221,13156.95,WhatsApp
144.844,8257,2000189,242.242,84.052,61,481,0.017972,0.00362,3999,4258,1080784,919405,57.006,13809.264,VoIP
118.344,19157,23131876,1207.489,131.292,96,1502,0.006475,0.00215,16459,2698,21101004,2030872,161.876,195463.023,File Transfer
58.379,2557,533508,208.646,30.346,89,418,0.02367,0.003288,1235,1322,272288,261220,43.8,9138.697,VoIP
6.445,44,5078,115.409,18.277,78,240,0.160903,0.013091,22,22,2588,2490,6.827,787.898,ICMP
25.064,89,9838,110.539,19.202,51,233,0.28193,0.034006,45,44,5574,4264,3.551,392.515,ICMP
27.32,2206,2746690,1245.1,282.934,80,1263,0.012305,0.007331,240,1966,171363,2575327,80.747,100537.701,Video
7.888,827,1009427,1220.589,231.449,98,1457,0.009237,0.004783,698,129,947927,61500,104.843,127969.954,File Transfer
48.381,9676,12122961,1252.89,172.231,74,1510,0.004749,0.001252,8641,1035,12062346,60615,199.996,250572.766,File Transfer
34.685,477,223486,468.524,165.368,94,1146,0.072496,0.047229,199,278,94842,128644,13.752,6443.304,WhatsApp
17.427,1039,746047,718.043,382.143,62,1117,0.016651,0.02261,342,697,190096,555951,59.62,42809.835,Web
68.088,3905,820287,210.061,27.534,67,361,0.016911,0.004679,1811,2094,408739,411548,57.352,12047.453,VoIP
40.707,4471,5098083,1140.256,186.603,88,1400,0.009804,0.003746,4014,457,5072593,25490,109.834,125238.485,File Transfer
17.113,95,10343,108.874,6.236,42,125,0.181064,0.015883,47,48,4826,5517,5.551,604.394,ICMP
57.99,2284,516388,226.089,67.259,63,624,0.025556,0.004055,1122,1162,236695,279693,39.386,8904.777,VoIP
